{"cameraMode":{"drawMode":0,"name":"Shaded","section":"Shading Mode"},"sceneLighting":true,"audioPlay":false,"sceneViewState":{"showFog":true,"showMaterialUpdate":false,"showSkybox":true,"showFlares":true,"showImageEffects":true,"showParticleSystems":true},"in2DMode":false,"pivot":{"x":5.165337085723877,"y":1.2243874073028565,"z":1.3624908924102784},"rotation":{"x":0.005999892950057983,"y":-0.004499930422753096,"z":0.00002699639298953116,"w":0.9999721050262451},"size":4.174778938293457,"orthographic":false}