{"cameraMode":{"drawMode":0,"name":"Shaded","section":"Shading Mode"},"sceneLighting":true,"audioPlay":false,"sceneViewState":{"showFog":true,"showMaterialUpdate":false,"showSkybox":true,"showFlares":true,"showImageEffects":true,"showParticleSystems":true},"in2DMode":false,"pivot":{"x":1.3462175130844117,"y":0.44907712936401369,"z":3.7908682823181154},"rotation":{"x":0.20842638611793519,"y":-0.017603732645511628,"z":0.0037522651255130769,"w":0.9778743386268616},"size":6.315983295440674,"orthographic":false}