{"cameraMode":{"drawMode":0,"name":"Shaded","section":"Shading Mode"},"sceneLighting":false,"audioPlay":false,"sceneViewState":{"showFog":true,"showMaterialUpdate":false,"showSkybox":false,"showFlares":true,"showImageEffects":true,"showParticleSystems":true},"in2DMode":false,"pivot":{"x":0.3190000057220459,"y":0.3190000057220459,"z":2.055000066757202},"rotation":{"x":0.07314646989107132,"y":-0.08814592659473419,"z":0.006490414962172508,"w":0.993397057056427},"size":0.5679599046707153,"orthographic":false}